first_name,last_name,gender,birthday
Davis,Nicholas,male,1983-07-17
Elijah,Ian,male,1991-11-28
Dale,Raymond,male,1990-08-27
Adam,Wang,male,1988-08-06
Aladdin,Julian,male,1987-09-06
Garrison,Martin,male,1983-12-28
Myles,Brian,male,1989-10-11
Cadman,Amos,male,1986-06-08
Harrison,Wayne,male,1987-03-05
Alan,Elmo,male,1992-06-27
Finn,Leo,male,1992-07-26
Kato,Jason,male,1987-11-06
Colt,Roth,male,1985-10-25
Elliott,Kareem,male,1987-08-26
Denton,Amos,male,1993-07-23
Sean,Gary,male,1991-02-17
Allen,Isaac,male,1987-01-10
Allistair,Guy,male,1985-05-19
Guy,Justin,male,1984-05-10
Brett,Cyrus,male,1983-05-29
Quinlan,Mufutau,male,1985-12-27
Griffin,Bert,male,1987-04-07
Walter,Len,male,1993-04-20
Lester,Bruno,male,1985-12-23
Avram,Cade,male,1991-11-02
Harding,Harrison,male,1982-12-06
Walker,Gage,male,1991-03-12
Joshua,Joseph,male,1994-06-10
Robert,Melvin,male,1991-05-12
Driscoll,Mason,male,1992-03-19
Malcolm,Lance,male,1989-06-11
Tad,Magee,male,1994-01-01
Jermaine,Martin,male,1992-01-18
David,Otto,male,1986-12-15
Yardley,Laith,male,1992-08-22
Vernon,Vernon,male,1986-05-21
Warren,Steven,male,1992-06-02
Silas,Ivan,male,1985-08-17
Micah,Adrian,male,1994-06-18
Holmes,Tanner,male,1985-11-07
Hyatt,Kennan,male,1992-08-12
Lucian,Lars,male,1992-12-25
Jack,Kamal,male,1989-07-02
Upton,William,male,1993-12-16
Richard,Brenden,male,1985-02-07
Ciaran,Logan,male,1992-02-16
Damon,Chase,male,1983-06-20
Thor,James,male,1985-06-09
Henry,Chaney,male,1983-06-16
Howard,Boris,male,1990-06-23
Chanda,Gay,female,1992-03-11
Penelope,Dawn,female,1984-08-14
Avye,Zelenia,female,1987-09-26
Aiko,Aphrodite,female,1994-09-10
Idola,Julie,female,1985-12-26
Maggie,Oprah,female,1993-03-21
Sandra,Victoria,female,1994-07-27
Kitra,Vera,female,1983-06-20
Kyla,Lee,female,1985-07-06
Kerry,Maite,female,1987-11-27
Melodie,Penelope,female,1992-03-13
Jana,Kelsey,female,1992-10-04
Joy,Daryl,female,1988-08-22
Dahlia,Xerxes,female,1987-11-21
Sara,Nora,female,1994-02-11
Sydnee,Shelby,female,1991-06-18
Shellie,Harriet,female,1993-07-12
Irma,Selma,female,1983-07-23
Glenna,Shea,female,1983-11-26
Elaine,Buffy,female,1984-04-17
Regan,Chanda,female,1991-12-20
Lynn,Joy,female,1987-10-17
Candace,Pandora,female,1988-05-15
Imelda,Phoebe,female,1987-04-17
Lucy,Mariam,female,1985-11-23
Lillian,Ifeoma,female,1987-03-10
Jordan,Fay,female,1985-08-23
Quon,Destiny,female,1992-12-01
Xandra,Phoebe,female,1983-09-04
Karyn,Amber,female,1987-01-16
Courtney,Kendall,female,1992-05-26
Olga,Giselle,female,1983-10-01
Madeline,Zia,female,1987-08-01
Desiree,Wendy,female,1984-11-17
Karyn,Ruby,female,1992-07-24
Adria,Zena,female,1985-01-01
Velma,Lani,female,1991-08-02
Emi,Risa,female,1990-03-02
Natalie,Katell,female,1993-08-02